vocabs, center, score
deforwy, 32, 28,
ghimosu, 256, 15,
dejnrsx, 32, 24,
abeirty, 4, 41,
defginy, 32, 18,
eflstux, 64, 15,
efiprsu, 64, 22,
abilmuw, 4, 16,
cdekprt, 16, 25,
deflotw, 32, 30,
efnrsuw, 64, 18,
ablmnsu, 4, 25,
abgrstu, 4, 22,
dekmopr, 32, 47,
deghost, 32, 29,
abklmpr, 4, 12,
abdefil, 4, 30,
defrsxy, 32, 29,
efnrsuy, 64, 18,
demnpsw, 32, 35,
dehoqrx, 32, 16,
delnpst, 32, 52,
definpw, 32, 17,
acdefpr, 16, 33,
abemoqr, 4, 22,
deintxy, 32, 20,
abilnow, 4, 19,
adehsvw, 32, 35,
abklrsv, 4, 14,
abdgmoy, 4, 12,
degmqrt, 32, 25,
cdeprtw, 16, 24,
efklstu, 64, 17,
defmotw, 32, 23,
denqrsx, 32, 23,
abeoruv, 4, 20,
demotxy, 32, 17,
abcgioy, 4, 18,
abdekmo, 4, 20,
abgosty, 4, 18,
cdegiot, 16, 27,
dekprsu, 32, 60,
ajnpsuy, 2, 22,
efiklsu, 64, 18,
deklrtu, 32, 37,
abcgils, 4, 25,
defhrst, 32, 52,
deflsuw, 32, 39,
abmorst, 4, 35,
demnost, 32, 60,
abdilor, 4, 33,
defgkls, 32, 28,
cdehkrs, 8, 15,
cdikqrs, 512, 11,
aefkotv, 2, 19,
cdeqrsy, 32, 33,
egkostv, 32, 16,
cegiosy, 32, 12,
aeghotv, 32, 18,
bceijsy, 32, 12,
achinwy, 512, 13,
adegkot, 16, 25,
acintwy, 8, 13,
cegjswy, 32, 12,
ceijrsy, 8, 13,
abejlnp, 32, 26,
aceijsy, 32, 20,
eflmsux, 64, 9,
cdeoqrs, 32, 40,
abdjnop, 16, 12,
abejkop, 4, 12,
ceijrsy, 32, 26,
abejlnp, 32, 26,
aefgktv, 2, 19,
egijnsy, 128, 9,
adhintw, 256, 13,
abenopw, 32, 13,
dekqrst, 32, 40,
abenopy, 2, 15,
acekotv, 32, 18,
aeintwy, 2, 30,
ahituwy, 256, 12,
abjknov, 4, 12,
cdefkqr, 32, 17,
ceklqrs, 32, 30,
aegkltv, 32, 34,
abejmnp, 4, 11,
aegotvw, 32, 14,
aceijsy, 32, 20,
aegkotu, 2, 21,
aegnotv, 32, 29,
abhintw, 4, 13,
abejnox, 32, 14,
egknotv, 32, 15,
achinty, 256, 16,
aejnopt, 32, 22,
achintw, 2, 34,
aeghotv, 128, 15,
abelnop, 4, 19,
ceginsy, 512, 21,
cdekrsv, 16, 18,
abdejnp, 4, 14,
abejnop, 32, 14,
cdefkqr, 32, 17,
cdeoqrs, 8, 17,
cdegisy, 16, 16,
aintvwy, 2, 21,
cdegkqr, 32, 18,
abejnpr, 4, 13,
ahnstwy, 256, 15,
ceginsy, 512, 21,
cekpqrs, 32, 30,
cdekors, 32, 54,
ahntwxy, 2, 12,
bceijsy, 32, 12,
acekotv, 2, 21,
degkotv, 16, 17,
abcjnop, 8, 9,
abjnpvy, 2, 14,
abdenop, 32, 26,
abdejnp, 4, 14,
abejnps, 4, 19,
bejnops, 4, 13,
aekortv, 2, 33,
abegjno, 32, 18,
abjlnpv, 2, 14,
cdehkqs, 32, 17,
abejnoy, 4, 12,
acdeqrs, 8, 33,
abfjnop, 2, 15,
cekqrsy, 32, 24,
abcjnov, 4, 12,
deikqrs, 16, 28,
abejnou, 4, 13,
aflmpsx, 2, 19,
cdefkrs, 16, 15,
abekotv, 4, 11,
abdenop, 4, 17,
dekpqrs, 32, 41,
aefgotv, 2, 19,
cdekrsu, 8, 16,
deglrtv, 16, 14,
aegoptv, 32, 20,
aeghktv, 256, 14,
aceijsy, 8, 17,
acegktv, 32, 14,
cdeklqs, 32, 22,
abcjnop, 4, 14,
cdeklqr, 16, 14,
abcejop, 8, 12,
aejkotv, 2, 18,
cdehkrs, 8, 15,
cdegijs, 16, 13,
abelnop, 32, 34,
ceijsuy, 32, 13,
abcjnop, 8, 9,
aglrtvy, 2, 31,
cdekors, 8, 25,
aekostv, 32, 34,
adekotv, 16, 23,
dekqrsy, 32, 34,
cdekrst, 8, 11,
aegikot, 32, 14,
cdeqrsy, 16, 18,
abefjnp, 2, 17,
aekotvw, 2, 17,
aefgotv, 64, 12,
aegkotw, 32, 17,
adekotv, 32, 27,
afhitwy, 2, 19,
abjknov, 4, 12,
cdekqry, 16, 15,
cdepqrs, 16, 22,
abhintw, 4, 13,
abcenop, 4, 18,
cdeklqr, 16, 14,
abejnps, 32, 31,
degltvy, 32, 18,
aegoptv, 32, 20,
abejlop, 32, 17,
adglrty, 128, 15,
aegkoqt, 32, 14,
abegnop, 2, 24,
ceijrsy, 512, 11,
abeinop, 32, 20,
cdekrsy, 16, 24,
aejlnop, 32, 27,
cdehqrs, 16, 16,
abcejop, 8, 12,
cegjmsy, 32, 13,
aejnops, 2, 25,
aehitwy, 256, 15,
aegotvw, 128, 14,
acdekqr, 8, 19,
abeijno, 32, 14,
aegkmot, 32, 22,
bejnopx, 32, 13,
aegijsy, 2, 16,
aegknot, 32, 30,
agintwy, 512, 21,
cdegijs, 16, 13,
cdepqrs, 32, 42,
abdenop, 4, 17,
deikqrs, 16, 28,
abejlnp, 4, 14,
cdepqrs, 16, 22,
abeinop, 32, 20,
abejnpv, 32, 11,
ehintwy, 512, 18,
abjnopu, 2, 12,
ceijmsy, 32, 14,
bejnopy, 32, 11,
aeintwy, 32, 26,
cehkqrs, 32, 26,
abegjno, 32, 18,
cdehqrs, 8, 10,
aegkotx, 32, 19,
ahnrtwy, 2, 31,
cegijsu, 32, 12,
aegknov, 128, 16,
aejlnop, 32, 27,
acdeqrs, 0, 0,
deflrwy, 0, 0,
aghmosu, 0, 0,
abdiklo, 0, 0,
denrsxy, 0, 0,
dghjnrx, 0, 0,
cejruxy, 0, 0,
beirtwy, 0, 0,
degkrsv, 0, 0,
efhlotw, 0, 0,
efginxy, 0, 0,
efgltux, 0, 0,
hiosuwx, 0, 0,
abcjlqy, 0, 0,
aefjotu, 0, 0,
aiotuwy, 0, 0,
abhinty, 0, 0,
cdekrsx, 0, 0,
defnowy, 0, 0,
ghiosuv, 0, 0,
abdfikt, 0, 0,
ejnorsx, 0, 0,
degjnpx, 0, 0,
denruxy, 0, 0,
aeilrty, 0, 0,
egijkrv, 0, 0,
efhiltv, 0, 0,
deginwy, 0, 0,
elqstux, 0, 0,
hijlowx, 0, 0,
abjltuy, 0, 0,
aeioqtu, 0, 0,
ainqtuy, 0, 0,
ahiltwy, 0, 0,
cdgkqrs, 0, 0,
defoqry, 0, 0,
fghiosu, 0, 0,
abcdfko, 0, 0,
dejmnsx, 0, 0,
defgjrx, 0, 0,
ejrtuxy, 0, 0,
aeiprty, 0, 0,
egjkprv, 0, 0,
ehilmot, 0, 0,
deginty, 0, 0,
flstuxy, 0, 0,
fhilosx, 0, 0,
abdjluy, 0, 0,
efjoqtu, 0, 0,
acintwy, 0, 0,
ahiotwy, 0, 0,
cdkqrsv, 0, 0,
eforuwy, 0, 0,
ghimnos, 0, 0,
abdfilo, 0, 0,
dehjnsx, 0, 0,
defgjnr, 0, 0,
aderuxy, 0, 0,
abeikty, 0, 0,
degkrvx, 0, 0,
efhlnot, 0, 0,
definxy, 0, 0,
elstuwx, 0, 0,
dhilowx, 0, 0,
bcfjluy, 0, 0,
acefoqt, 0, 0,
aintwxy, 0, 0,
ahinrty, 0, 0,
cdejkqr, 0, 0,
efjorwy, 0, 0,
ghimops, 0, 0,
adfikoy, 0, 0,
dejprsx, 0, 0,
dejnrxy, 0, 0,
djmruxy, 0, 0,
abeinrt, 0, 0,
degjknr, 0, 0,
efghlot, 0, 0,
cdfginy, 0, 0,
flrstux, 0, 0,
ehilosx, 0, 0,
abcejlu, 0, 0,
adfoqtu, 0, 0,
intuvwy, 0, 0,
ahintwx, 0, 0,
bcdekqr, 0, 0,
defopwy, 0, 0,
eghimou, 0, 0,
bdfikno, 0, 0,
defjrsx, 0, 0,
cegjnrx, 0, 0,
adejruy, 0, 0,
abilrty, 0, 0,
adejkrv, 0, 0,
efhloty, 0, 0,
definvy, 0, 0,
aeflstx, 0, 0,
hilosvw, 0, 0,
abcjkly, 0, 0,
aeloqtu, 0, 0,
instuwy, 0, 0,
ailntwy, 0, 0,
cdeikqs, 0, 0,
dforuwy, 0, 0,
ghimouw, 0, 0,
abfikos, 0, 0,
djnrsvx, 0, 0,
dejnrvx, 0, 0,
deruwxy, 0, 0,
aeirsty, 0, 0,
egjkrvy, 0, 0,
efhiltw, 0, 0,
definry, 0, 0,
efqstux, 0, 0,
hkloswx, 0, 0,
abcjlmy, 0, 0,
adefqtu, 0, 0,
ainotuy, 0, 0,
aintvwy, 0, 0,
cdejkqs, 0, 0,
dfhorwy, 0, 0,
ghmoqsu, 0, 0,
abfikot, 0, 0,
dejmnrs, 0, 0,
egjnrux, 0, 0,
bdejuxy, 0, 0,
abeijrt, 0, 0,
degikrv, 0, 0,
efhilqt, 0, 0,
adefgny, 0, 0,
efltuvx, 0, 0,
hlmoswx, 0, 0,
acejluy, 0, 0,
afoqtux, 0, 0,
agntuwy, 0, 0,
abintwy, 0, 0,
cdekrsy, 0, 0,
deorswy, 0, 0,
eghimou, 0, 0,
abdfgko, 0, 0,
dejorsx, 0, 0,
cdgjnrx, 0, 0,
djnruxy, 0, 0,
abilrty, 0, 0,
bdegkrv, 0, 0,
efhilmt, 0, 0,
defgily, 0, 0,
eglstux, 0, 0,
ilosvwx, 0, 0,
abcjlux, 0, 0,
aefoqtx, 0, 0,
aituwxy, 0, 0,
aghintw, 0, 0,
cdekqsw, 0, 0,
dforswy, 0, 0,
gimopsu, 0, 0,
bdfhiko, 0, 0,
dfjnrsx, 0, 0,
degnrwx, 0, 0,
cdejrux, 0, 0,
abeinty, 0, 0,
degjkry, 0, 0,
ehilnot, 0, 0,
defginx, 0, 0,
efstuvx, 0, 0,
hilotwx, 0, 0,
abcjlqu, 0, 0,
acefoqu, 0, 0,
ainptuw, 0, 0,
achinwy, 0, 0,
cdekrsw, 0, 0,
efmorwy, 0, 0,
fghimos, 0, 0,
abfikov, 0, 0,
bejnrsx, 0, 0,
deghnrx, 0, 0,
dekruxy, 0, 0,
beirtvy, 0, 0,
bdgjkrv, 0, 0,
efhiltu, 0, 0,
defgikn, 0, 0,
efnstux, 0, 0,
hilosxy, 0, 0,
abdjluy, 0, 0,
aefnotu, 0, 0,
ainrtuy, 0, 0,
ahinstw, 0, 0,
cdekmrs, 0, 0,
deforty, 0, 0,
ghimouv, 0, 0,
abdfklo, 0, 0,
dehnrsx, 0, 0,
cdgjnrx, 0, 0,
ejqruxy, 0, 0,
abeqrty, 0, 0,
dejkmrv, 0, 0,
efilnot, 0, 0,
definuy, 0, 0,
flstuwx, 0, 0,
dhioswx, 0, 0,
acjlnuy, 0, 0,
efoqstu, 0, 0,
agituwy, 0, 0,
hinrtwy, 0, 0,
cekmqrs, 0, 0,
defjory, 0, 0,
ehimosu, 0, 0,
abdfios, 0, 0,
defnrsx, 0, 0,
degjlnx, 0, 0,
deijruy, 0, 0,
beiqrty, 0, 0,
dgjkruv, 0, 0,
efgilot, 0, 0,
defgixy, 0, 0,
efltuvx, 0, 0,
hlostwx, 0, 0,
abjluvy, 0, 0,
afopqtu, 0, 0,
agintwy, 0, 0,
afhntwy, 0, 0,
cekqrsw, 0, 0,
defirwy, 0, 0,
fghimos, 0, 0,
abdfgio, 0, 0,
adejnrs, 0, 0,
degjnpr, 0, 0,
deruvxy, 0, 0,
aeirsty, 0, 0,
degjkvy, 0, 0,
cehilot, 0, 0,
adefgny, 0, 0,
ceflstx, 0, 0,
hjloswx, 0, 0,
abcjlru, 0, 0,
efoqtuy, 0, 0,
abintuw, 0, 0,
achitwy, 0, 0,
cdehkqs, 0, 0,
defiory, 0, 0,
hilmosu, 0, 0,
adfikow, 0, 0,
ejlnrsx, 0, 0,
dgjlnrx, 0, 0,
djnruxy, 0, 0,
abeijry, 0, 0,
cdgjkrv, 0, 0,
efhinot, 0, 0,
adefgiy, 0, 0,
elstuxy, 0, 0,
ilorswx, 0, 0,
abcjlmy, 0, 0,
aeoqtuv, 0, 0,
antuwxy, 0, 0,
ahlntwy, 0, 0,
cdhkqrs, 0, 0,
defrswy, 0, 0,
ghimost, 0, 0,
adfikor, 0, 0,
cdjnrsx, 0, 0,
dgjnrvx, 0, 0,
djruwxy, 0, 0,
abertxy, 0, 0,
egjkrtv, 0, 0,
aefhilo, 0, 0,
defgikn, 0, 0,
eflpsux, 0, 0,
ahloswx, 0, 0,
abcjlny, 0, 0,
aeoqstu, 0, 0,
ainrtuy, 0, 0,
ahiptwy, 0, 0,
cdekoqs, 0, 0,
defmowy, 0, 0,
chimosu, 0, 0,
bdfikov, 0, 0,
bdjnrsx, 0, 0,
degjnrt, 0, 0,
deiruxy, 0, 0,
abgirty, 0, 0,
dejkruv, 0, 0,
efhioqt, 0, 0,
definxy, 0, 0,
efltuwx, 0, 0,
ailoswx, 0, 0,
abcdluy, 0, 0,
aefqrtu, 0, 0,
ainotuw, 0, 0,
ahinpwy, 0, 0,
cdeknrs, 0, 0,
deforsy, 0, 0,
ahimosu, 0, 0,
abdfiou, 0, 0,
dejnsvx, 0, 0,
degjlrx, 0, 0,
ejruwxy, 0, 0,
abceiry, 0, 0,
cdegjrv, 0, 0,
efhinot, 0, 0,
aefginy, 0, 0,
efnstux, 0, 0,
hilnowx, 0, 0,
abceluy, 0, 0,
efioqtu, 0, 0,
imntuwy, 0, 0,
afintwy, 0, 0,
cdkqrst, 0, 0,
defgorw, 0, 0,
ghjmosu, 0, 0,
abdfikw, 0, 0,
ejnrswx, 0, 0,
degjrwx, 0, 0,
deijrux, 0, 0,
aeiorty, 0, 0,
dejkqrv, 0, 0,
cefhilt, 0, 0,
cdefgiy, 0, 0,
eflnstx, 0, 0,
hijoswx, 0, 0,
abcjlnu, 0, 0,
defoqtu, 0, 0,
aijnuwy, 0, 0,
ahiptwy, 0, 0,
cdeiqrs, 0, 0,
defnrwy, 0, 0,
gijmosu, 0, 0,
abcdfio, 0, 0,
denrsvx, 0, 0,
degjmnr, 0, 0,
dejuwxy, 0, 0,
aeiorty, 0, 0,
degjksv, 0, 0,
ehilotw, 0, 0,
defgikn, 0, 0,
eflqtux, 0, 0,
hiloqwx, 0, 0,
acjluxy, 0, 0,
aefhqtu, 0, 0,
instuwy, 0, 0,
aijntwy, 0, 0,
acdekqr, 0, 0,
deflorw, 0, 0,
ghimoqu, 0, 0,
adfgiko, 0, 0,
cdejrsx, 0, 0,
dejmnrx, 0, 0,
dejqrxy, 0, 0,
abdeiry, 0, 0,
degjkru, 0, 0,
fhiloqt, 0, 0,
defginr, 0, 0,
efhlstx, 0, 0,
hilsvwx, 0, 0,
acjluxy, 0, 0,
adefqtu, 0, 0,
abntuwy, 0, 0,
afhintw, 0, 0,
cdenqrs, 0, 0,
defrwxy, 0, 0,
aghmosu, 0, 0,
abfhiko, 0, 0,
dejnosx, 0, 0,
defgnrx, 0, 0,
dehjrux, 0, 0,
begirty, 0, 0,
deghjkv, 0, 0,
behilot, 0, 0,
definoy, 0, 0,
eflpstx, 0, 0,
ghilowx, 0, 0,
abcjluv, 0, 0,
aefqrtu, 0, 0,
bintuwy, 0, 0,
achintw, 0, 0,
cdkqrsw, 0, 0,
defoprw, 0, 0,
ghijosu, 0, 0,
abfgiko, 0, 0,
dejorsx, 0, 0,
deghnrx, 0, 0,
efjruxy, 0, 0,
abeiory, 0, 0,
degjksv, 0, 0,
cehilot, 0, 0,
defhiny, 0, 0,
efgstux, 0, 0,
hilosux, 0, 0,
abcjlry, 0, 0,
afoqtuy, 0, 0,
ainuwxy, 0, 0,
ahinrtw, 0, 0,
cdekrst, 0, 0,
defnowy, 0, 0,
cgimosu, 0, 0,
abdfioy, 0, 0,
dejmrsx, 0, 0,
adegnrx, 0, 0,
adejrxy, 0, 0,
abiqrty, 0, 0,
degjrvy, 0, 0,
efghilo, 0, 0,
dfginwy, 0, 0,
eflmsux, 0, 0,
ahloswx, 0, 0,
abjluwy, 0, 0,
afkoqtu, 0, 0,
ikntuwy, 0, 0,
ahntuwy, 0, 0,
cdkpqrs, 0, 0,
adefory, 0, 0,
aghiosu, 0, 0,
adfikoq, 0, 0,
djnrswx, 0, 0,
degjnox, 0, 0,
dejpruy, 0, 0,
aeimrty, 0, 0,
degjksv, 0, 0,
efhlotv, 0, 0,
definty, 0, 0,
efmstux, 0, 0,
hlnoswx, 0, 0,
bcjluvy, 0, 0,
aefkoqu, 0, 0,
aikntuy, 0, 0,
ahilntw, 0, 0,
cdejkrs, 0, 0,
aeforwy, 0, 0,
gimnosu, 0, 0,
abdfijk, 0, 0,
adejnrx, 0, 0,
egjnrvx, 0, 0,
dejuvxy, 0, 0,
abeorty, 0, 0,
egjkrtv, 0, 0,
aehilot, 0, 0,
defgity, 0, 0,
eflrtux, 0, 0,
hilosxy, 0, 0,
bcjlquy, 0, 0,
aefqstu, 0, 0,
aintuxy, 0, 0,
abintwy, 0, 0,
dekoqrs, 0, 0,
deflory, 0, 0,
eghimos, 0, 0,
abdfikx, 0, 0,
dejrswx, 0, 0,
degknrx, 0, 0,
ejpruxy, 0, 0,
aeiqrty, 0, 0,
degjlrv, 0, 0,
afhilot, 0, 0,
dfgilny, 0, 0,
elqstux, 0, 0,
hlopswx, 0, 0,
acjlouy, 0, 0,
aefgqtu, 0, 0,
agintuy, 0, 0,
ahintwx, 0, 0,
bcekqrs, 0, 0,
dfhorwy, 0, 0,
gimosuw, 0, 0,
abfhiko, 0, 0,
dejnprx, 0, 0,
cdegnrx, 0, 0,
bejruxy, 0, 0,
abhirty, 0, 0,
degjkpr, 0, 0,
cehilot, 0, 0,
defginp, 0, 0,
efhlsux, 0, 0,
hilopsw, 0, 0,
acejluy, 0, 0,
aefoptu, 0, 0,
abintwy, 0, 0,
ahitwxy, 0, 0,
cdkqrsu, 0, 0,
deforsw, 0, 0,
gikmosu, 0, 0,
adfikmo, 0, 0,
dejnrsw, 0, 0,
degjnor, 0, 0,
dejpuxy, 0, 0,
aeijrty, 0, 0,
bdegjkr, 0, 0,
efhlotv, 0, 0,
defgily, 0, 0,
eflmtux, 0, 0,
hilopwx, 0, 0,
bcjltuy, 0, 0,
afoqtuy, 0, 0,
aijntuw, 0, 0,
abhinty, 0, 0,
cdekqrv, 0, 0,
deorwxy, 0, 0,
himosux, 0, 0,
abcdfko, 0, 0,
ejnrsux, 0, 0,
degjknr, 0, 0,
dejrvxy, 0, 0,
abcirty, 0, 0,
degknrv, 0, 0,
efhlotv, 0, 0,
defgioy, 0, 0,
elstuxy, 0, 0,
hilorsw, 0, 0,
abcjsuy, 0, 0,
afmoqtu, 0, 0,
amntuwy, 0, 0,
ahmntwy, 0, 0,
dekpqrs, 0, 0,
eflorwy, 0, 0,
gimnosu, 0, 0,
adfijko, 0, 0,
degjnrs, 0, 0,
egjnrwx, 0, 0,
adejuxy, 0, 0,
beiprty, 0, 0,
deghjrv, 0, 0,
ehilopt, 0, 0,
defghin, 0, 0,
efltuwx, 0, 0,
hioqswx, 0, 0,
abchjuy, 0, 0,
aefqtux, 0, 0,
ainptuw, 0, 0,
ahintuw, 0, 0,
cekqrsy, 0, 0,
efnorwy, 0, 0,
dghimsu, 0, 0,
abdfgio, 0, 0,
dejnprs, 0, 0,
degnrxy, 0, 0,
dejpruy, 0, 0,
aeirtvy, 0, 0,
degkprv, 0, 0,
efhklot, 0, 0,
deginuy, 0, 0,
eflpsux, 0, 0,
chioswx, 0, 0,
abcjouy, 0, 0,
aehoqtu, 0, 0,
akntuwy, 0, 0,
ehintwy, 0, 0,
cdjkqrs, 0, 0,
deflorw, 0, 0,
bgimosu, 0, 0,
abcdfio, 0, 0,
adejnsx, 0, 0,
degjknx, 0, 0,
deijuxy, 0, 0,
abeijrt, 0, 0,
dgjkqrv, 0, 0,
efhklot, 0, 0,
dfghiny, 0, 0,
eflpstx, 0, 0,
hilovwx, 0, 0,
acjlquy, 0, 0,
abfoqtu, 0, 0,
ainotwy, 0, 0,
ahinvwy, 0, 0,
acdekqr, 0, 0,
defotwy, 0, 0,
aghimou, 0, 0,
abdefko, 0, 0,
dejmnrs, 0, 0,
degjnvx, 0, 0,
ejruwxy, 0, 0,
aegirty, 0, 0,
degkrtv, 0, 0,
defhilo, 0, 0,
cdefgiy, 0, 0,
flostux, 0, 0,
hjloswx, 0, 0,
acjlmuy, 0, 0,
efnoqtu, 0, 0,
alntuwy, 0, 0,
afhntwy, 0, 0,
cekoqrs, 0, 0,
defgrwy, 0, 0,
fghimou, 0, 0,
abdikor, 0, 0,
defjrsx, 0, 0,
degjnrw, 0, 0,
dijruxy, 0, 0,
abeikrt, 0, 0,
cdegkrv, 0, 0,
efhlopt, 0, 0,
efgikny, 0, 0,
eflmsux, 0, 0,
eiloswx, 0, 0,
acfjluy, 0, 0,
aekoqtu, 0, 0,
ainpuwy, 0, 0,
aehinwy, 0, 0,
dekqrsx, 0, 0,
dfortwy, 0, 0,
gimosux, 0, 0,
abfikos, 0, 0,
aejnrsx, 0, 0,
dehjnrx, 0, 0,
dejuwxy, 0, 0,
aefirty, 0, 0,
degjkqv, 0, 0,
efhilrt, 0, 0,
adefgin, 0, 0,
ejlstux, 0, 0,
dhloswx, 0, 0,
abjltuy, 0, 0,
defoqtu, 0, 0,
aituvwy, 0, 0,
ahiktwy, 0, 0,
cdeqrsu, 0, 0,
defkorw, 0, 0,
gimosuy, 0, 0,
adefiko, 0, 0,
defjnrs, 0, 0,
dejnprx, 0, 0,
ejpruxy, 0, 0,
abcirty, 0, 0,
cdejkrv, 0, 0,
efhlnot, 0, 0,
defgnry, 0, 0,
efhltux, 0, 0,
ahilosx, 0, 0,
abjluvy, 0, 0,
afmoqtu, 0, 0,
ainptuw, 0, 0,
fhintwy, 0, 0,
cdfkqrs, 0, 0,
deflorw, 0, 0,
ghiopsu, 0, 0,
adfikop, 0, 0,
ejlnrsx, 0, 0,
degjrwx, 0, 0,
adjruxy, 0, 0,
aeiprty, 0, 0,
dgjkorv, 0, 0,
efhlotx, 0, 0,
defginx, 0, 0,
efjlsux, 0, 0,
ehilowx, 0, 0,
acjlnuy, 0, 0,
afkoqtu, 0, 0,
imntuwy, 0, 0,
aimntwy, 0, 0,
cdefkqs, 0, 0,
deforuy, 0, 0,
ghilmou, 0, 0,
abdfhio, 0, 0,
delnrsx, 0, 0,
degjrux, 0, 0,
ejrsuxy, 0, 0,
abhirty, 0, 0,
degjkvx, 0, 0,
ehiklot, 0, 0,
degilny, 0, 0,
elstuxy, 0, 0,
hilnswx, 0, 0,
bcfjluy, 0, 0,
efoqtuy, 0, 0,
adintuw, 0, 0,
afhintw, 0, 0,
acdekqr, 0, 0,
defnrwy, 0, 0,
ghioqsu, 0, 0,
abdfikp, 0, 0,
degnrsx, 0, 0,
degknrx, 0, 0,
dejruwx, 0, 0,
beirtuy, 0, 0,
degjorv, 0, 0,
cefilot, 0, 0,
bdefgin, 0, 0,
ehlstux, 0, 0,
dhilswx, 0, 0,
acjlquy, 0, 0,
aefoqty, 0, 0,
ainqtuw, 0, 0,
ahinwxy, 0, 0,
defkqrs, 0, 0,
deoruwy, 0, 0,
gimopsu, 0, 0,
abdfgko, 0, 0,
defjnrx, 0, 0,
defgjnx, 0, 0,
dehjruy, 0, 0,
abefiry, 0, 0,
deghjrv, 0, 0,
efhilou, 0, 0,
efginqy, 0, 0,
eflpstx, 0, 0,
hilosvx, 0, 0,
abcgjuy, 0, 0,
aegoqtu, 0, 0,
ahinuwy, 0, 0,
ahinpwy, 0, 0,
cdjkqrs, 0, 0,
bdeorwy, 0, 0,
himosuv, 0, 0,
abdikoy, 0, 0,
dejnsux, 0, 0,
degjprx, 0, 0,
dejrsux, 0, 0,
abefity, 0, 0,
egjkqrv, 0, 0,
efilotx, 0, 0,
defgimy, 0, 0,
delstux, 0, 0,
hijoswx, 0, 0,
abcjloy, 0, 0,
aefnoqt, 0, 0,
ikntuwy, 0, 0,
ahnstwy, 0, 0,
cdkqrst, 0, 0,
defoqry, 0, 0,
gimorsu, 0, 0,
abfikox, 0, 0,
delnrsx, 0, 0,
dgjnrux, 0, 0,
dehjruy, 0, 0,
beiorty, 0, 0,
egijkrv, 0, 0,
aefhilt, 0, 0,
defgins, 0, 0,
fhlstux, 0, 0,
dhioswx, 0, 0,
abcluwy, 0, 0,
afgoqtu, 0, 0,
adintuw, 0, 0,
ahiqtwy, 0, 0,
cdekqrt, 0, 0,
ceforwy, 0, 0,
aghmosu, 0, 0,
bdfhiko, 0, 0,
deijnrs, 0, 0,
defgjnx, 0, 0,
dejnrux, 0, 0,
abeikry, 0, 0,
bdgjkrv, 0, 0,
efhilty, 0, 0,
defginx, 0, 0,
efilstu, 0, 0,
fhioswx, 0, 0,
bcjkluy, 0, 0,
aefopqt, 0, 0,
aituvwy, 0, 0,
ahnqtwy, 0, 0,
cdehkqs, 0, 0,
dfortwy, 0, 0,
ghimoqs, 0, 0,
abdfijk, 0, 0,
deknrsx, 0, 0,
defgjnr, 0, 0,
adejrux, 0, 0,
aeiprty, 0, 0,
degklrv, 0, 0,
efhilou, 0, 0,
defginq, 0, 0,
flnstux, 0, 0,
hiklowx, 0, 0,
abcjlvy, 0, 0,
aefortu, 0, 0,
agituwy, 0, 0,
ahintxy, 0, 0,
cdegqrs, 0, 0,
beforwy, 0, 0,
egimosu, 0, 0,
abdfiop, 0, 0,
dejnrxy, 0, 0,
bdegnrx, 0, 0,
djrsuxy, 0, 0,
aeikrty, 0, 0,
deghjkr, 0, 0,
efhloty, 0, 0,
defikny, 0, 0,
cefltux, 0, 0,
hlopswx, 0, 0,
bcjluwy, 0, 0,
aefotuw, 0, 0,
afituwy, 0, 0,
ailntwy, 0, 0,
dekmqrs, 0, 0,
defoswy, 0, 0,
bghimou, 0, 0,
abdfikx, 0, 0,
dejmnrs, 0, 0,
degijnr, 0, 0,
dejkrux, 0, 0,
abeikty, 0, 0,
cdejkrv, 0, 0,
efhilov, 0, 0,
defgixy, 0, 0,
aelstux, 0, 0,
hilswxy, 0, 0,
bcjlpuy, 0, 0,
efgoqtu, 0, 0,
eintuwy, 0, 0,
aehitwy, 0, 0,
dekqrsy, 0, 0,
efortwy, 0, 0,
eghiosu, 0, 0,
abdefko, 0, 0,
dejnqsx, 0, 0,
begjnrx, 0, 0,
deijruy, 0, 0,
aeikrty, 0, 0,
deghjkr, 0, 0,
efilort, 0, 0,
defimny, 0, 0,
elrstux, 0, 0,
hjloswx, 0, 0,
abjlruy, 0, 0,
aefgoqu, 0, 0,
fintuwy, 0, 0,
ahintwx, 0, 0,
cdeikrs, 0, 0,
efmorwy, 0, 0,
ghiosuy, 0, 0,
abdfikl, 0, 0,
ejnrswx, 0, 0,
egjnqrx, 0, 0,
degjruy, 0, 0,
abeimry, 0, 0,
degjkuv, 0, 0,
efhilno, 0, 0,
dfginwy, 0, 0,
beflstx, 0, 0,
hlosvwx, 0, 0,
abclpuy, 0, 0,
abefoqu, 0, 0,
ilntuwy, 0, 0,
aghntwy, 0, 0,
cdeoqrs, 0, 0,
eforwxy, 0, 0,
fhimosu, 0, 0,
abdfioq, 0, 0,
dejnrwx, 0, 0,
bdgjnrx, 0, 0,
defjrux, 0, 0,
abhirty, 0, 0,
defgjkv, 0, 0,
eghilot, 0, 0,
befginy, 0, 0,
efltuwx, 0, 0,
hiorswx, 0, 0,
abcjloy, 0, 0,
aefioqu, 0, 0,
ailntuw, 0, 0,
ahikntw, 0, 0,
cdehkrs, 0, 0,
dfnorwy, 0, 0,
ghikmsu, 0, 0,
abdfklo, 0, 0,
dejprsx, 0, 0,
dejnrxy, 0, 0,
dejorxy, 0, 0,
beiqrty, 0, 0,
degjlrv, 0, 0,
efhilst, 0, 0,
definvy, 0, 0,
fjlstux, 0, 0,
hjloswx, 0, 0,
abclouy, 0, 0,
aeoqstu, 0, 0,
aiktuwy, 0, 0,
ahnptwy, 0, 0,
cdkqrsu, 0, 0,
defjorw, 0, 0,
bghimsu, 0, 0,
bdfijko, 0, 0,
dejrswx, 0, 0,
dejnrux, 0, 0,
dejnrxy, 0, 0,
aeijrty, 0, 0,
adegjkr, 0, 0,
ehilotw, 0, 0,
degimny, 0, 0,
efostux, 0, 0,
hijoswx, 0, 0,
abcjsuy, 0, 0,
aefiotu, 0, 0,
alntuwy, 0, 0,
ahiknty, 0, 0,
cdeqrsy, 0, 0,
dforuwy, 0, 0,
gimorsu, 0, 0,
abdfhio, 0, 0,
dejmrsx, 0, 0,
dejnqrx, 0, 0,
dejqruy, 0, 0,
beirtwy, 0, 0,
defjkrv, 0, 0,
afhilot, 0, 0,
efginvy, 0, 0,
eflstuw, 0, 0,
ghilosw, 0, 0,
abcjuxy, 0, 0,
aefoqrt, 0, 0,
anotuwy, 0, 0,
ahintvw, 0, 0,
cekmqrs, 0, 0,
defkorw, 0, 0,
ghinosu, 0, 0,
bdfikot, 0, 0,
dejnrsv, 0, 0,
degnrsx, 0, 0,
adejrux, 0, 0,
abirtxy, 0, 0,
degjrvw, 0, 0,
defhilt, 0, 0,
defgisy, 0, 0,
efjlsux, 0, 0,
hilnosx, 0, 0,
bcjlpuy, 0, 0,
aefpqtu, 0, 0,
abntuwy, 0, 0,
chintwy, 0, 0,
cdehkrs, 0, 0,
demorwy, 0, 0,
cgimosu, 0, 0,
abdfiks, 0, 0,
dejrswx, 0, 0,
degjntx, 0, 0,
djmruxy, 0, 0,
abeorty, 0, 0,
degklrv, 0, 0,
efghlot, 0, 0,
deginvy, 0, 0,
eflostu, 0, 0,
bhilswx, 0, 0,
abdjluy, 0, 0,
abeoqtu, 0, 0,
adituwy, 0, 0,
ahnqtwy, 0, 0,
cekpqrs, 0, 0,
deorswy, 0, 0,
ghimoqs, 0, 0,
bdfikoq, 0, 0,
degnrsx, 0, 0,
bdejnrx, 0, 0,
dijruxy, 0, 0,
beimrty, 0, 0,
dejkruv, 0, 0,
efhilqt, 0, 0,
definxy, 0, 0,
eflostu, 0, 0,
hilnswx, 0, 0,
abcjsuy, 0, 0,
afjoqtu, 0, 0,
aiotuwy, 0, 0,
aintvwy, 0, 0,
dekmqrs, 0, 0,
deorswy, 0, 0,
fghimos, 0, 0,
abdfikq, 0, 0,
adenrsx, 0, 0,
degjmnr, 0, 0,
dehjrux, 0, 0,
abeinry, 0, 0,
degjnrv, 0, 0,
efhilqt, 0, 0,
defgkny, 0, 0,
efmstux, 0, 0,
hilswxy, 0, 0,
acjlsuy, 0, 0,
aefnoqu, 0, 0,
aijnuwy, 0, 0,
aghintw, 0, 0,
cdefkqs, 0, 0,
defkrwy, 0, 0,
ghikmsu, 0, 0,
bdfikot, 0, 0,
ejnprsx, 0, 0,
bdgjnrx, 0, 0,
cejruxy, 0, 0,
beiprty, 0, 0,
egjkruv, 0, 0,
efhilqt, 0, 0,
cdefgny, 0, 0,
efnstux, 0, 0,
hilnosw, 0, 0,
bcjlpuy, 0, 0,
aefoqst, 0, 0,
aeintuw, 0, 0,
ghintwy, 0, 0,
cdekqsu, 0, 0,
defjory, 0, 0,
gilmosu, 0, 0,
abfikou, 0, 0,
denprsx, 0, 0,
dgijnrx, 0, 0,
aderuxy, 0, 0,
abeijry, 0, 0,
degjknv, 0, 0,
dehilot, 0, 0,
efginoy, 0, 0,
fjlstux, 0, 0,
dhilowx, 0, 0,
abjlnuy, 0, 0,
aefgoqt, 0, 0,
abintuy, 0, 0,
ahimnwy, 0, 0,
cdkqrsu, 0, 0,
defoqry, 0, 0,
gimosuy, 0, 0,
adfijko, 0, 0,
dijnrsx, 0, 0,
dejnqrx, 0, 0,
dejruwy, 0, 0,
aeinrty, 0, 0,
degjkpv, 0, 0,
efilort, 0, 0,
cdfginy, 0, 0,
efmstux, 0, 0,
hilsvwx, 0, 0,
bcjlmuy, 0, 0,
aefioqu, 0, 0,
anotuwy, 0, 0,
ainptwy, 0, 0,
dekqrsx, 0, 0,
deortwy, 0, 0,
ghiosuw, 0, 0,
bdfikor, 0, 0,
ejnorsx, 0, 0,
dejnrwx, 0, 0,
dejruwy, 0, 0,
abiprty, 0, 0,
dejkrvx, 0, 0,
efhlotv, 0, 0,
cefginy, 0, 0,
bflstux, 0, 0,
hilouwx, 0, 0,
abcjlou, 0, 0,
aefloqt, 0, 0,
aituvwy, 0, 0,
ahlntwy, 0, 0,
bcdeqrs, 0, 0,
eforswy, 0, 0,
ghimouw, 0, 0,
abdfioy, 0, 0,
djnprsx, 0, 0,
dejknrx, 0, 0,
ejqruxy, 0, 0,
aeilrty, 0, 0,
dejkruv, 0, 0,
defhilt, 0, 0,
definuy, 0, 0,
elpstux, 0, 0,
dhioswx, 0, 0,
bcjluvy, 0, 0,
aefiqtu, 0, 0,
abntuwy, 0, 0,
ahinrwy, 0, 0,
cekqrsw, 0, 0,
deforvw, 0, 0,
ghimsuy, 0, 0,
abfikox, 0, 0,
dejnrsv, 0, 0,
degjnxy, 0, 0,
aejruxy, 0, 0,
abeirwy, 0, 0,
degjkmv, 0, 0,
efilotu, 0, 0,
bdfginy, 0, 0,
deflstx, 0, 0,
ghloswx, 0, 0,
abcgluy, 0, 0,
abfoqtu, 0, 0,
aeituwy, 0, 0,
hinptwy, 0, 0,
ceikqrs, 0, 0,
eforswy, 0, 0,
ghmorsu, 0, 0,
abdfjko, 0, 0,
bdejrsx, 0, 0,
degjrwx, 0, 0,
bdjruxy, 0, 0,
aeirtxy, 0, 0,
degjklr, 0, 0,
cefhiot, 0, 0,
defgiuy, 0, 0,
efstuvx, 0, 0,
hilouwx, 0, 0,
acdjluy, 0, 0,
befoqtu, 0, 0,
cintuwy, 0, 0,
ghintwy, 0, 0,
cdeklrs, 0, 0,
defjorw, 0, 0,
himoqsu, 0, 0,
abdfikt, 0, 0,
cdenrsx, 0, 0,
dejmnrx, 0, 0,
dejoruy, 0, 0,
abersty, 0, 0,
dfgjkrv, 0, 0,
fhiklot, 0, 0,
dfginvy, 0, 0,
efhlsux, 0, 0,
hlopswx, 0, 0,
abfjluy, 0, 0,
aefoqru, 0, 0,
abntuwy, 0, 0,
agintwy, 0, 0,
cdekmqs, 0, 0,
deorwxy, 0, 0,
fghimos, 0, 0,
abfikov, 0, 0,
djnrstx, 0, 0,
egjnqrx, 0, 0,
deruvxy, 0, 0,
aeilrty, 0, 0,
egjkqrv, 0, 0,
efhilmo, 0, 0,
defgijy, 0, 0,
elmstux, 0, 0,
hiopswx, 0, 0,
abcjlou, 0, 0,
aefioqt, 0, 0,
ainotwy, 0, 0,
hintuwy, 0, 0,
cdejqrs, 0, 0,
adefory, 0, 0,
agimosu, 0, 0,
abdikor, 0, 0,
dejnrsv, 0, 0,
dgjnqrx, 0, 0,
cdejruy, 0, 0,
abiprty, 0, 0,
cdegjkv, 0, 0,
efhikot, 0, 0,
defglny, 0, 0,
beflsux, 0, 0,
chilswx, 0, 0,
abcltuy, 0, 0,
efoqstu, 0, 0,
ainpuwy, 0, 0,
hinstwy, 0, 0,
cdkqrsv, 0, 0,
adforwy, 0, 0,
dgimosu, 0, 0,
adfikor, 0, 0,
dejlnsx, 0, 0,
dejnprx, 0, 0,
ejnruxy, 0, 0,
abceirt, 0, 0,
degjkry, 0, 0,
efhiltu, 0, 0,
bdfginy, 0, 0,
eflotux, 0, 0,
hilosvw, 0, 0,
abcluvy, 0, 0,
efkoqtu, 0, 0,
ilntuwy, 0, 0,
ahiknty, 0, 0,
cdekrsy, 0, 0,
defouwy, 0, 0,
himorsu, 0, 0,
bdfikos, 0, 0,
defnrsx, 0, 0,
defgjrx, 0, 0,
djqruxy, 0, 0,
abgirty, 0, 0,
degknrv, 0, 0,
ehilotu, 0, 0,
dfginry, 0, 0,
eflstvx, 0, 0,
hijlowx, 0, 0,
acjlruy, 0, 0,
aeflotu, 0, 0,
aijntuy, 0, 0,
adhintw, 0, 0,
cdehqrs, 0, 0,
defnorw, 0, 0,
fghiosu, 0, 0,
abdfjko, 0, 0,
cdejnrs, 0, 0,
dgjmnrx, 0, 0,
dejuvxy, 0, 0,
beijrty, 0, 0,
degklrv, 0, 0,
efhijlt, 0, 0,
definry, 0, 0,
eflrstx, 0, 0,
hilnosx, 0, 0,
bcejluy, 0, 0,
befoqtu, 0, 0,
aiqtuwy, 0, 0,
ahjntwy, 0, 0,
cefkqrs, 0, 0,
defjrwy, 0, 0,
eghimos, 0, 0,
adfikot, 0, 0,
dejnsvx, 0, 0,
degnrwx, 0, 0,
adejrux, 0, 0,
aeimrty, 0, 0,
degjklr, 0, 0,
aefilot, 0, 0,
defgimy, 0, 0,
efilstx, 0, 0,
fhilosx, 0, 0,
acjlmuy, 0, 0,
afgoqtu, 0, 0,
ahntuwy, 0, 0,
ahntvwy, 0, 0,
cdeklqr, 0, 0,
defmrwy, 0, 0,
egimosu, 0, 0,
abdfhio, 0, 0,
ejnprsx, 0, 0,
degjlnx, 0, 0,
dejruvx, 0, 0,
aceirty, 0, 0,
egjkprv, 0, 0,
efilotu, 0, 0,
deginpy, 0, 0,
efnstux, 0, 0,
hiklosw, 0, 0,
abcjlry, 0, 0,
aefqtuv, 0, 0,
anstuwy, 0, 0,
hintvwy, 0, 0,
cekpqrs, 0, 0,
efkorwy, 0, 0,
dghiosu, 0, 0,
bdfiklo, 0, 0,
deijnrs, 0, 0,
dejnrwx, 0, 0,
bdejrxy, 0, 0,
abeorty, 0, 0,
defgkrv, 0, 0,
efhilox, 0, 0,
defgnxy, 0, 0,
efqstux, 0, 0,
hiloqwx, 0, 0,
abckluy, 0, 0,
aefloqu, 0, 0,
adinuwy, 0, 0,
abhinwy, 0, 0,
cehkqrs, 0, 0,
bdeorwy, 0, 0,
agimosu, 0, 0,
abdfiou, 0, 0,
djnrsux, 0, 0,
degjnrt, 0, 0,
defjrux, 0, 0,
abejrty, 0, 0,
degjqrv, 0, 0,
aefilot, 0, 0,
dfginty, 0, 0,
eflntux, 0, 0,
diloswx, 0, 0,
abcjluv, 0, 0,
abeoqtu, 0, 0,
fintuwy, 0, 0,
ahinwxy, 0, 0,
cdekqsu, 0, 0,
defnorw, 0, 0,
ghikmos, 0, 0,
abdfikm, 0, 0,
denrsvx, 0, 0,
dghjnrx, 0, 0,
dejprxy, 0, 0,
abefiry, 0, 0,
degjkvw, 0, 0,
efhiost, 0, 0,
dfginty, 0, 0,
elostux, 0, 0,
hilnosw, 0, 0,
bcjlmuy, 0, 0,
aefqtuv, 0, 0,
acintwy, 0, 0,
aimntwy, 0, 0,
cdekors, 0, 0,
defjorw, 0, 0,
himnosu, 0, 0,
abfikow, 0, 0,
dejlnsx, 0, 0,
dgjnrux, 0, 0,
bejruxy, 0, 0,
abeirtx, 0, 0,
degjkpv, 0, 0,
efhilos, 0, 0,
defgijn, 0, 0,
elqstux, 0, 0,
hilotwx, 0, 0,
acjkluy, 0, 0,
aefmoqt, 0, 0,
afintuy, 0, 0,
ahiknty, 0, 0,
cdekors, 0, 0,
defmory, 0, 0,
gimopsu, 0, 0,
abdfkmo, 0, 0,
dijnrsx, 0, 0,
degjlnx, 0, 0,
ejnruxy, 0, 0,
abderty, 0, 0,
degkrvw, 0, 0,
aefhilo, 0, 0,
deginxy, 0, 0,
efnstux, 0, 0,
hilmosx, 0, 0,
abchjuy, 0, 0,
afjoqtu, 0, 0,
afintwy, 0, 0,
bhintwy, 0, 0,
cdkqrsy, 0, 0,
defjrwy, 0, 0,
bghmosu, 0, 0,
bdfikoy, 0, 0,
deknrsx, 0, 0,
egjknrx, 0, 0,
djruvxy, 0, 0,
abertuy, 0, 0,
bdegjkr, 0, 0,
fhilopt, 0, 0,
defginw, 0, 0,
eflsuwx, 0, 0,
hlostwx, 0, 0,
abclsuy, 0, 0,
abefotu, 0, 0,
ainrtwy, 0, 0,
ahinqtw, 0, 0,
deikqrs, 0, 0,
dfoprwy, 0, 0,
ehimosu, 0, 0,
abdfikq, 0, 0,
dejmrsx, 0, 0,
deginrx, 0, 0,
bderuxy, 0, 0,
abirtwy, 0, 0,
begjkrv, 0, 0,
efilort, 0, 0,
defgijy, 0, 0,
eflpstu, 0, 0,
hloswxy, 0, 0,
abjlouy, 0, 0,
efoqtux, 0, 0,
ainqtwy, 0, 0,
ahinrty, 0, 0,
cdekqrx, 0, 0,
deforwx, 0, 0,
ghimoqu, 0, 0,
abdfiku, 0, 0,
djknrsx, 0, 0,
deghjnx, 0, 0,
degjrux, 0, 0,
abirtvy, 0, 0,
dejkorv, 0, 0,
defhilo, 0, 0,
defgnwy, 0, 0,
efltuxy, 0, 0,
dhloswx, 0, 0,
abclnuy, 0, 0,
aenoqtu, 0, 0,
ainqtuw, 0, 0,
ahiknty, 0, 0,
dekqrsw, 0, 0,
defortw, 0, 0,
ghijmsu, 0, 0,
bdfgiko, 0, 0,
denrsxy, 0, 0,
cdegjnr, 0, 0,
djpruxy, 0, 0,
abeitxy, 0, 0,
dgjkprv, 0, 0,
efhiotu, 0, 0,
dfgikny, 0, 0,
efhlstx, 0, 0,
ilopswx, 0, 0,
abcjltu, 0, 0,
aefqtuw, 0, 0,
ailtuwy, 0, 0,
hinotwy, 0, 0,
cdjkqrs, 0, 0,
bdefory, 0, 0,
cghimou, 0, 0,
adfikov, 0, 0,
dejnrwx, 0, 0,
degjnux, 0, 0,
degjrxy, 0, 0,
befirty, 0, 0,
degjqrv, 0, 0,
aefhilt, 0, 0,
adeginy, 0, 0,
eflmstx, 0, 0,
hkloswx, 0, 0,
bcfjluy, 0, 0,
aefkotu, 0, 0,
acituwy, 0, 0,
ahintxy, 0, 0,
cdejqrs, 0, 0,
defrvwy, 0, 0,
ghlmosu, 0, 0,
abdgiko, 0, 0,
bdejnrx, 0, 0,
egjknrx, 0, 0,
dejorxy, 0, 0,
abelrty, 0, 0,
dgjkrtv, 0, 0,
cfhilot, 0, 0,
degimny, 0, 0,
eflpstx, 0, 0,
dhilosw, 0, 0,
acjluxy, 0, 0,
abefqtu, 0, 0,
amntuwy, 0, 0,
ahntwxy, 0, 0,
cekqrst, 0, 0,
dforswy, 0, 0,
ghioqsu, 0, 0,
abdikow, 0, 0,
dgjnrsx, 0, 0,
degjrxy, 0, 0,
cdejrux, 0, 0,
abenrty, 0, 0,
eghjkrv, 0, 0,
ehilmot, 0, 0,
adfginy, 0, 0,
cflstux, 0, 0,
hilosvx, 0, 0,
abcjmuy, 0, 0,
efkoqtu, 0, 0,
agintuw, 0, 0,
ahimnwy, 0, 0,
dehkqrs, 0, 0,
defqrwy, 0, 0,
bhimosu, 0, 0,
abfikmo, 0, 0,
adejnsx, 0, 0,
cdegjrx, 0, 0,
bejruxy, 0, 0,
abirtwy, 0, 0,
dejkruv, 0, 0,
fhijlot, 0, 0,
dfginsy, 0, 0,
eflqstx, 0, 0,
ahilowx, 0, 0,
acjluwy, 0, 0,
efjoqtu, 0, 0,
aeinuwy, 0, 0,
ahituwy, 0, 0,
cdekprs, 0, 0,
degorwy, 0, 0,
cghimsu, 0, 0,
abdfkot, 0, 0,
adjnrsx, 0, 0,
degjnqr, 0, 0,
defjrux, 0, 0,
abirtxy, 0, 0,
degjprv, 0, 0,
efhloty, 0, 0,
defgity, 0, 0,
eflstvx, 0, 0,
hilosvw, 0, 0,
abcjnuy, 0, 0,
aefhotu, 0, 0,
agntuwy, 0, 0,
afhinty, 0, 0,
bcekqrs, 0, 0,
defrswy, 0, 0,
ghiosuw, 0, 0,
abdfikv, 0, 0,
dejnrsu, 0, 0,
bdegjrx, 0, 0,
cdejuxy, 0, 0,
abgirty, 0, 0,
degjkuv, 0, 0,
efhiltx, 0, 0,
definvy, 0, 0,
efjlsux, 0, 0,
hilorsx, 0, 0,
acfjluy, 0, 0,
aekoqtu, 0, 0,
aiknuwy, 0, 0,
ghintwy, 0, 0,
cdefqrs, 0, 0,
defmowy, 0, 0,
gimnosu, 0, 0,
abfikoy, 0, 0,
ejknrsx, 0, 0,
degjnqx, 0, 0,
dersuxy, 0, 0,
abeikry, 0, 0,
cdgjkrv, 0, 0,
fhilotx, 0, 0,
defgity, 0, 0,
eflnsux, 0, 0,
ailoswx, 0, 0,
abcfluy, 0, 0,
aefoptu, 0, 0,
ainsuwy, 0, 0,
abhintw, 0, 0,
cekqrst, 0, 0,
deortwy, 0, 0,
ghmostu, 0, 0,
bdfikot, 0, 0,
dejnrsw, 0, 0,
degijrx, 0, 0,
dejlruy, 0, 0,
aceirty, 0, 0,
cdejkrv, 0, 0,
efhloqt, 0, 0,
cdefgny, 0, 0,
efqstux, 0, 0,
fhioswx, 0, 0,
abcijuy, 0, 0,
aefiotu, 0, 0,
aituvwy, 0, 0,
ahiknty, 0, 0,
cdejqrs, 0, 0,
defopry, 0, 0,
ehimosu, 0, 0,
adfikmo, 0, 0,
dejrsxy, 0, 0,
degmnrx, 0, 0,
dejrtuy, 0, 0,
beinrty, 0, 0,
degjktv, 0, 0,
efhloty, 0, 0,
adeginy, 0, 0,
eflrstu, 0, 0,
eiloswx, 0, 0,
abcjsuy, 0, 0,
abefoqu, 0, 0,
ainptuw, 0, 0,
aehinwy, 0, 0,
cdejkqs, 0, 0,
defgowy, 0, 0,
ghkmosu, 0, 0,
abdijko, 0, 0,
defjnsx, 0, 0,
degjnxy, 0, 0,
dfjruxy, 0, 0,
abeinry, 0, 0,
bdegjkv, 0, 0,
ehilnot, 0, 0,
defgins, 0, 0,
elpstux, 0, 0,
hlorswx, 0, 0,
abclouy, 0, 0,
aefqrtu, 0, 0,
ainotuw, 0, 0,
aghinty, 0, 0,
cdejkqr, 0, 0,
dfmorwy, 0, 0,
ghimouw, 0, 0,
adfikoy, 0, 0,
dgjnrsx, 0, 0,
defgjnr, 0, 0,
degruxy, 0, 0,
abhirty, 0, 0,
dghjkrv, 0, 0,
efhiltx, 0, 0,
definxy, 0, 0,
elmstux, 0, 0,
dhilswx, 0, 0,
abjlnuy, 0, 0,
efjoqtu, 0, 0,
aijntuw, 0, 0,
ahilnwy, 0, 0,
cdehkqs, 0, 0,
deforuw, 0, 0,
gimosuw, 0, 0,
abdfino, 0, 0,
dejqrsx, 0, 0,
degnrtx, 0, 0,
djoruxy, 0, 0,
abeimrt, 0, 0,
degjnrv, 0, 0,
efhiltu, 0, 0,
dfginty, 0, 0,
eflostu, 0, 0,
dhilosw, 0, 0,
bcejluy, 0, 0,
cefoqtu, 0, 0,
ainuvwy, 0, 0,
acintwy, 0, 0,
cdepqrs, 0, 0,
cdforwy, 0, 0,
himosuy, 0, 0,
abdikow, 0, 0,
adejnrx, 0, 0,
degjrvx, 0, 0,
dejruwy, 0, 0,
beilrty, 0, 0,
bdegkrv, 0, 0,
ehiloqt, 0, 0,
dfgilny, 0, 0,
aflstux, 0, 0,
chioswx, 0, 0,
abcjkly, 0, 0,
abefoqt, 0, 0,
ainotuw, 0, 0,
ainrtwy, 0, 0,
cdkqrsx, 0, 0,
defiowy, 0, 0,
himosux, 0, 0,
bdfikno, 0, 0,
defjnrs, 0, 0,
degjknr, 0, 0,
dejrtuy, 0, 0,
abegity, 0, 0,
degjkuv, 0, 0,
efhinot, 0, 0,
defijny, 0, 0,
eflsuwx, 0, 0,
hlopswx, 0, 0,
abcjsuy, 0, 0,
afloqtu, 0, 0,
adinuwy, 0, 0,
ahnotwy, 0, 0,
deklqrs, 0, 0,
adefowy, 0, 0,
ghikmsu, 0, 0,
abdfkno, 0, 0,
adejnsx, 0, 0,
degnrvx, 0, 0,
dejmruy, 0, 0,
abeiqry, 0, 0,
adegkrv, 0, 0,
befhiot, 0, 0,
bdefiny, 0, 0,
aelstux, 0, 0,
hilosuw, 0, 0,
abcgjly, 0, 0,
aefotux, 0, 0,
agintuw, 0, 0,
aehinwy, 0, 0,
cdenqrs, 0, 0,
eforwxy, 0, 0,
ghmosuv, 0, 0,
adfhiko, 0, 0,
ejnqrsx, 0, 0,
aegjnrx, 0, 0,
adejruy, 0, 0,
abeipty, 0, 0,
dejkrtv, 0, 0,
efilost, 0, 0,
cdfginy, 0, 0,
flstuxy, 0, 0,
himoswx, 0, 0,
abcjlou, 0, 0,
aefnoqu, 0, 0,
agintuy, 0, 0,
ainqtwy, 0, 0,
cdegkrs, 0, 0,
defhory, 0, 0,
ghmostu, 0, 0,
abdfikm, 0, 0,
djnqrsx, 0, 0,
defgjnr, 0, 0,
djruwxy, 0, 0,
abiprty, 0, 0,
bdejkrv, 0, 0,
efilotx, 0, 0,
degilny, 0, 0,
bflstux, 0, 0,
hilstwx, 0, 0,
abjlouy, 0, 0,
adefqtu, 0, 0,
ainstwy, 0, 0,
ahimntw, 0, 0,
adekqrs, 0, 0,
dfmorwy, 0, 0,
dghimou, 0, 0,
abdikox, 0, 0,
adjnrsx, 0, 0,
egijnrx, 0, 0,
bejruxy, 0, 0,
abeirst, 0, 0,
bdegkrv, 0, 0,
efhijlt, 0, 0,
defgnsy, 0, 0,
eflotux, 0, 0,
hilrswx, 0, 0,
bcjluwy, 0, 0,
aeioqtu, 0, 0,
ainotuy, 0, 0,
acintwy, 0, 0,
cdkqrsy, 0, 0,
defkowy, 0, 0,
ghikmos, 0, 0,
abdfikx, 0, 0,
ejnqrsx, 0, 0,
dgjlnrx, 0, 0,
ejmruxy, 0, 0,
abeirtu, 0, 0,
degkprv, 0, 0,
aefhilt, 0, 0,
defgiln, 0, 0,
efklsux, 0, 0,
hinoswx, 0, 0,
abcjloy, 0, 0,
aenoqtu, 0, 0,
ainruwy, 0, 0,
ahilnty, 0, 0,
cdehkqs, 0, 0,
adefrwy, 0, 0,
ghimsuv, 0, 0,
abdefko, 0, 0,
adejnsx, 0, 0,
degjnqr, 0, 0,
dejqrux, 0, 0,
abertxy, 0, 0,
degkrvw, 0, 0,
efhiort, 0, 0,
defilny, 0, 0,
efstuxy, 0, 0,
hilosuw, 0, 0,
abcjlqy, 0, 0,
aefgqtu, 0, 0,
acintuw, 0, 0,
chintwy, 0, 0,
acdekqr, 0, 0,
cdeforw, 0, 0,
bghimos, 0, 0,
abfikno, 0, 0,
deknrsx, 0, 0,
cdgjnrx, 0, 0,
dejuvxy, 0, 0,
abefity, 0, 0,
defjkrv, 0, 0,
efhlort, 0, 0,
defgiry, 0, 0,
flstuvx, 0, 0,
fhilosw, 0, 0,
abcjsuy, 0, 0,
aefpqtu, 0, 0,
dintuwy, 0, 0,
aintvwy, 0, 0,
cdeqrsy, 0, 0,
cdeforw, 0, 0,
ghiosuy, 0, 0,
adfikor, 0, 0,
ejnrstx, 0, 0,
dejnrsx, 0, 0,
dejmrxy, 0, 0,
abehirt, 0, 0,
adegjrv, 0, 0,
efhlotw, 0, 0,
defgivy, 0, 0,
efjltux, 0, 0,
ghilosx, 0, 0,
abcjltu, 0, 0,
afoqtuv, 0, 0,
aijnuwy, 0, 0,
ainrtwy, 0, 0,
cdkmqrs, 0, 0,
defhowy, 0, 0,
cghmosu, 0, 0,
abdfiov, 0, 0,
deijrsx, 0, 0,
bdegjrx, 0, 0,
degjrux, 0, 0,
abeirtw, 0, 0,
degjkrt, 0, 0,
efhilnt, 0, 0,
cdfginy, 0, 0,
eflqsux, 0, 0,
bhilswx, 0, 0,
abclpuy, 0, 0,
efoqrtu, 0, 0,
imntuwy, 0, 0,
adhitwy, 0, 0,
cdekqrv, 0, 0,
deiorwy, 0, 0,
cghimos, 0, 0,
abdfkot, 0, 0,
dejorsx, 0, 0,
degjrux, 0, 0,
aderuxy, 0, 0,
abehirt, 0, 0,
deghjkv, 0, 0,
efhiltv, 0, 0,
definvy, 0, 0,
